RunNumber;RunTime;WalkingSpeed;OrgLuggageCount;StartingDoorID;StepsTaken
0;14357;1;0;0;16
0;14357;1;0;0;15
0;14357;1;2;1;19
0;14357;1;3;0;10
0;14357;1;3;1;15
0;14357;1;1;1;20
0;14357;1;0;0;19
0;14357;1;2;1;20
0;14357;1;1;0;20
0;14357;1;0;0;20
0;14357;1;2;1;22
0;14357;1;2;1;24
0;14357;1;2;1;24
0;14357;1;3;0;20
0;14357;1;0;0;26
0;14357;1;2;1;24
0;14357;1;0;1;28
0;14357;1;2;1;22
0;14357;1;0;0;29
0;14357;1;0;1;31
0;14357;1;2;1;32
0;14357;1;1;1;32
0;14357;1;1;1;33
0;14357;1;0;0;35
0;14357;1;0;0;37
0;14357;1;1;0;34
0;14357;1;2;1;38
0;14357;1;0;0;38
0;14357;1;3;1;40
0;14357;1;2;0;40
0;14357;1;2;0;41
0;14357;1;2;1;41
0;14357;1;0;0;46
0;14357;1;0;1;42
0;14357;1;3;0;43
0;14357;1;3;1;44
0;14357;1;1;1;46
0;14357;1;3;1;47
0;14357;1;1;1;49
0;14357;1;3;0;51
0;14357;1;3;0;53
0;14357;1;0;1;52
0;14357;1;3;1;55
0;14357;1;0;1;57
0;14357;1;0;0;55
0;14357;1;2;0;59
0;14357;1;0;1;55
0;14357;1;3;1;57
0;14357;1;1;1;61
0;14357;1;0;0;59
0;14357;1;3;1;60
0;14357;1;3;1;56
0;14357;1;2;0;64
0;14357;1;3;0;65
0;14357;1;2;0;66
0;14357;1;1;0;69
0;14357;1;0;0;67
0;14357;1;0;1;71
0;14357;1;2;0;70
0;14357;1;0;0;72
0;14357;1;2;0;69
0;14357;1;2;0;75
0;14357;1;1;1;69
0;14357;1;1;1;75
0;14357;1;1;1;77
0;14357;1;3;1;75
0;14357;1;2;0;77
0;14357;1;0;1;83
0;14357;1;2;0;74
0;14357;1;0;1;79
0;14357;1;1;1;81
0;14357;1;0;1;74
0;14357;1;3;0;83
0;14357;1;1;0;83
0;14357;1;2;0;86
0;14357;1;2;0;86
0;14357;1;3;0;88
0;14357;1;2;1;91
0;14357;1;1;1;92
0;14357;1;1;1;86
0;14357;1;1;1;90
0;14357;1;0;1;97
0;14357;1;1;0;92
0;14357;1;3;0;94
0;14357;1;3;0;88
0;14357;1;0;1;101
0;14357;1;2;0;97
0;14357;1;2;0;92
0;14357;1;3;1;102
0;14357;1;0;1;99
0;14357;1;1;1;101
0;14357;1;1;0;103
0;14357;1;1;0;97
0;14357;1;2;0;101
0;14357;1;2;0;102
0;14357;1;2;0;108
0;14357;1;3;0;108
0;14357;1;2;0;102
0;14357;1;2;1;111
0;14357;1;1;1;111
0;14357;1;0;0;107
0;14357;1;1;0;113
0;14357;1;3;0;109
0;14357;1;1;0;115
0;14357;1;1;1;110
0;14357;1;0;0;112
0;14357;1;3;0;118
0;14357;1;3;0;120
0;14357;1;1;0;117
0;14357;1;2;0;120
0;14357;1;1;1;119
0;14357;1;3;0;121
0;14357;1;0;1;128
0;14357;1;1;0;122
0;14357;1;1;1;130
0;14357;1;0;0;122
0;14357;1;0;0;127
0;14357;1;0;1;120
0;14357;1;3;0;129
0;14357;1;2;1;128
0;14357;1;1;1;137
0;14357;1;2;0;132
0;14357;1;3;1;138
0;14357;1;1;0;134
0;14357;1;1;0;136
0;14357;1;3;1;140
0;14357;1;0;1;139
0;14357;1;0;1;141
0;14357;1;2;1;141
0;14357;1;0;1;150
0;14357;1;0;1;149
0;14357;1;1;0;145
0;14357;1;0;1;154
0;14357;1;0;1;141
0;14357;1;2;0;145
0;14357;1;3;1;142
0;14357;1;1;0;149
0;14357;1;0;1;154
0;14357;1;1;1;156
0;14357;1;1;0;157
0;14357;1;2;1;161
0;14357;1;0;1;144
0;14357;1;1;1;155
0;14357;1;1;1;162
0;14357;1;1;1;166
1;20546;1;2;0;16
1;20546;1;0;1;18
1;20546;1;2;0;18
1;20546;1;1;0;18
1;20546;1;3;1;18
1;20546;1;2;0;18
1;20546;1;2;1;20
1;20546;1;1;0;20
1;20546;1;2;0;20
1;20546;1;3;1;23
1;20546;1;3;1;25
1;20546;1;2;0;22
1;20546;1;1;0;21
1;20546;1;0;1;27
1;20546;1;2;1;26
1;20546;1;2;1;28
1;20546;1;0;1;27
1;20546;1;0;1;31
1;20546;1;0;1;29
1;20546;1;0;0;31
1;20546;1;0;1;28
1;20546;1;2;0;29
1;20546;1;0;0;29
1;20546;1;0;1;34
1;20546;1;2;0;29
1;20546;1;3;1;31
1;20546;1;3;1;33
1;20546;1;1;0;39
1;20546;1;1;0;42
1;20546;1;2;0;40
1;20546;1;1;1;41
1;20546;1;0;1;43
1;20546;1;2;0;44
1;20546;1;2;0;45
1;20546;1;3;0;39
1;20546;1;2;0;46
1;20546;1;2;1;47
1;20546;1;1;0;44
1;20546;1;2;0;50
1;20546;1;2;0;49
1;20546;1;3;1;52
1;20546;1;0;1;54
1;20546;1;3;1;45
1;20546;1;2;1;56
1;20546;1;0;0;50
1;20546;1;0;0;53
1;20546;1;0;1;58
1;20546;1;2;0;54
1;20546;1;3;1;61
1;20546;1;3;1;62
1;20546;1;1;1;61
1;20546;1;3;1;58
1;20546;1;2;1;64
1;20546;1;3;0;64
1;20546;1;0;0;58
1;20546;1;0;1;66
1;20546;1;3;0;66
1;20546;1;3;0;64
1;20546;1;1;0;70
1;20546;1;2;1;67
1;20546;1;0;1;65
1;20546;1;2;0;69
1;20546;1;0;0;72
1;20546;1;3;1;72
1;20546;1;0;0;76
1;20546;1;2;1;74
1;20546;1;1;0;77
1;20546;1;3;1;76
1;20546;1;0;1;81
1;20546;1;2;1;81
1;20546;1;0;1;84
1;20546;1;2;1;78
1;20546;1;3;1;86
1;20546;1;3;1;90
1;20546;1;0;0;80
1;20546;1;2;0;79
1;20546;1;1;0;89
1;20546;1;1;1;92
1;20546;1;0;0;89
1;20546;1;1;1;96
1;20546;1;2;1;87
1;20546;1;0;0;91
1;20546;1;1;1;96
1;20546;1;0;1;91
1;20546;1;2;1;100
1;20546;1;1;1;99
1;20546;1;2;1;103
1;20546;1;2;1;103
1;20546;1;1;0;92
1;20546;1;0;0;97
1;20546;1;0;0;93
1;20546;1;1;0;102
1;20546;1;2;0;103
1;20546;1;1;0;102
1;20546;1;1;0;104
1;20546;1;0;0;105
1;20546;1;3;0;105
1;20546;1;0;1;107
1;20546;1;1;0;107
1;20546;1;1;1;113
1;20546;1;0;0;108
1;20546;1;1;1;108
1;20546;1;0;1;116
1;20546;1;0;1;111
1;20546;1;0;1;118
1;20546;1;3;0;113
1;20546;1;3;0;112
1;20546;1;1;1;117
1;20546;1;1;0;113
1;20546;1;3;1;125
1;20546;1;1;0;117
1;20546;1;1;0;119
1;20546;1;0;1;129
1;20546;1;3;0;123
1;20546;1;0;1;130
1;20546;1;2;1;120
1;20546;1;2;1;127
1;20546;1;0;1;133
1;20546;1;0;1;128
1;20546;1;3;0;127
1;20546;1;1;1;134
1;20546;1;3;1;137
1;20546;1;1;0;131
1;20546;1;2;0;132
1;20546;1;2;1;142
1;20546;1;3;1;141
1;20546;1;1;0;132
1;20546;1;2;0;141
1;20546;1;2;1;146
1;20546;1;1;1;136
1;20546;1;2;1;140
1;20546;1;0;1;148
1;20546;1;1;1;145
1;20546;1;1;0;150
1;20546;1;1;0;140
1;20546;1;3;1;139
1;20546;1;0;1;144
1;20546;1;3;1;149
1;20546;1;3;0;156
1;20546;1;2;0;150
1;20546;1;2;1;156
1;20546;1;2;1;153
1;20546;1;1;1;154
1;20546;1;2;1;156
1;20546;1;1;1;151
2;23854;1;1;0;17
2;23854;1;3;0;7
2;23854;1;3;0;10
2;23854;1;1;0;12
2;23854;1;3;0;17
2;23854;1;2;1;24
2;23854;1;2;0;17
2;23854;1;0;1;21
2;23854;1;1;0;14
2;23854;1;0;0;19
2;23854;1;1;0;19
2;23854;1;1;1;17
2;23854;1;3;1;21
2;23854;1;1;1;33
2;23854;1;3;1;34
2;23854;1;0;1;32
2;23854;1;2;1;32
2;23854;1;3;0;27
2;23854;1;1;0;21
2;23854;1;3;1;35
2;23854;1;2;1;35
2;23854;1;1;1;29
2;23854;1;0;1;36
2;23854;1;2;1;37
2;23854;1;2;0;29
2;23854;1;0;1;37
2;23854;1;3;0;36
2;23854;1;3;0;36
2;23854;1;3;1;42
2;23854;1;1;1;42
2;23854;1;3;1;45
2;23854;1;3;0;40
2;23854;1;1;1;45
2;23854;1;1;1;48
2;23854;1;1;1;49
2;23854;1;3;1;41
2;23854;1;0;1;50
2;23854;1;2;0;47
2;23854;1;3;1;54
2;23854;1;3;0;46
2;23854;1;3;1;51
2;23854;1;3;1;57
2;23854;1;2;0;52
2;23854;1;3;1;58
2;23854;1;0;1;58
2;23854;1;1;0;49
2;23854;1;1;0;53
2;23854;1;1;1;55
2;23854;1;0;1;51
2;23854;1;0;0;58
2;23854;1;2;1;58
2;23854;1;1;1;67
2;23854;1;1;1;65
2;23854;1;3;1;66
2;23854;1;1;0;62
2;23854;1;3;0;65
2;23854;1;2;0;65
2;23854;1;1;0;70
2;23854;1;0;0;71
2;23854;1;3;1;69
2;23854;1;2;0;72
2;23854;1;3;1;71
2;23854;1;2;0;75
2;23854;1;1;0;78
2;23854;1;1;1;78
2;23854;1;2;1;76
2;23854;1;1;1;72
2;23854;1;0;1;78
2;23854;1;1;1;81
2;23854;1;1;1;80
2;23854;1;0;0;85
2;23854;1;2;1;75
2;23854;1;3;1;83
2;23854;1;0;0;86
2;23854;1;2;1;87
2;23854;1;3;1;83
2;23854;1;2;1;84
2;23854;1;0;1;83
2;23854;1;2;1;86
2;23854;1;2;1;87
2;23854;1;0;1;86
2;23854;1;1;1;84
2;23854;1;1;1;92
2;23854;1;2;0;96
2;23854;1;0;1;95
2;23854;1;1;0;93
2;23854;1;0;1;94
2;23854;1;1;1;97
2;23854;1;1;1;99
2;23854;1;1;1;100
2;23854;1;2;1;103
2;23854;1;2;1;95
2;23854;1;3;1;96
2;23854;1;2;1;105
2;23854;1;0;0;108
2;23854;1;1;0;103
2;23854;1;0;0;109
2;23854;1;2;1;112
2;23854;1;3;0;107
2;23854;1;2;1;112
2;23854;1;1;0;112
2;23854;1;1;0;114
2;23854;1;0;1;111
2;23854;1;3;0;115
2;23854;1;2;1;118
2;23854;1;2;0;116
2;23854;1;0;0;119
2;23854;1;0;1;116
2;23854;1;0;0;121
2;23854;1;1;0;112
2;23854;1;0;0;121
2;23854;1;2;1;124
2;23854;1;2;0;122
2;23854;1;0;0;121
2;23854;1;1;0;119
2;23854;1;2;1;132
2;23854;1;0;0;119
2;23854;1;3;1;134
2;23854;1;1;0;128
2;23854;1;3;1;129
2;23854;1;3;1;137
2;23854;1;1;0;131
2;23854;1;3;0;125
2;23854;1;3;1;137
2;23854;1;3;1;141
2;23854;1;2;1;148
2;23854;1;0;1;144
2;23854;1;3;1;138
2;23854;1;3;0;138
2;23854;1;2;0;138
2;23854;1;3;1;144
2;23854;1;3;0;134
2;23854;1;3;0;137
2;23854;1;3;1;157
2;23854;1;1;0;142
2;23854;1;1;0;143
2;23854;1;3;1;149
2;23854;1;3;1;164
2;23854;1;0;1;149
2;23854;1;0;1;147
2;23854;1;0;0;150
2;23854;1;3;1;155
2;23854;1;1;1;165
2;23854;1;3;1;151
2;23854;1;0;0;152
3;17297;1;0;0;17
3;17297;1;3;0;16
3;17297;1;2;1;11
3;17297;1;1;1;18
3;17297;1;1;1;19
3;17297;1;3;0;20
3;17297;1;1;1;21
3;17297;1;1;0;11
3;17297;1;1;0;22
3;17297;1;2;1;22
3;17297;1;3;1;25
3;17297;1;2;1;17
3;17297;1;0;1;23
3;17297;1;0;0;25
3;17297;1;2;0;28
3;17297;1;3;0;27
3;17297;1;1;0;26
3;17297;1;2;0;22
3;17297;1;2;1;32
3;17297;1;1;1;24
3;17297;1;1;0;32
3;17297;1;0;1;34
3;17297;1;3;1;36
3;17297;1;1;0;34
3;17297;1;1;1;35
3;17297;1;0;0;37
3;17297;1;3;1;38
3;17297;1;2;1;39
3;17297;1;0;1;41
3;17297;1;1;0;39
3;17297;1;2;1;44
3;17297;1;0;1;39
3;17297;1;0;0;40
3;17297;1;3;1;45
3;17297;1;1;1;45
3;17297;1;0;1;46
3;17297;1;1;1;46
3;17297;1;3;0;49
3;17297;1;3;0;49
3;17297;1;1;1;50
3;17297;1;0;0;50
3;17297;1;2;0;50
3;17297;1;2;0;50
3;17297;1;0;1;55
3;17297;1;1;0;55
3;17297;1;1;1;53
3;17297;1;3;1;61
3;17297;1;2;1;50
3;17297;1;2;0;59
3;17297;1;2;1;59
3;17297;1;3;1;55
3;17297;1;0;0;60
3;17297;1;3;1;64
3;17297;1;0;0;63
3;17297;1;0;1;68
3;17297;1;0;1;66
3;17297;1;1;1;69
3;17297;1;3;0;66
3;17297;1;0;0;67
3;17297;1;2;0;63
3;17297;1;3;0;70
3;17297;1;1;1;73
3;17297;1;2;1;73
3;17297;1;0;0;69
3;17297;1;3;1;75
3;17297;1;0;0;75
3;17297;1;2;0;75
3;17297;1;3;1;77
3;17297;1;1;1;80
3;17297;1;1;0;76
3;17297;1;2;1;83
3;17297;1;3;0;81
3;17297;1;1;0;77
3;17297;1;2;0;81
3;17297;1;1;0;81
3;17297;1;0;1;85
3;17297;1;3;0;85
3;17297;1;0;0;82
3;17297;1;2;1;89
3;17297;1;3;0;91
3;17297;1;0;0;89
3;17297;1;1;1;93
3;17297;1;2;0;87
3;17297;1;1;1;92
3;17297;1;2;0;89
3;17297;1;3;0;101
3;17297;1;0;1;95
3;17297;1;2;1;92
3;17297;1;0;1;100
3;17297;1;0;1;95
3;17297;1;1;0;105
3;17297;1;0;1;97
3;17297;1;1;1;106
3;17297;1;3;1;101
3;17297;1;2;1;106
3;17297;1;0;0;104
3;17297;1;0;0;110
3;17297;1;1;0;112
3;17297;1;0;0;102
3;17297;1;1;1;110
3;17297;1;1;0;109
3;17297;1;1;1;110
3;17297;1;3;0;105
3;17297;1;2;1;109
3;17297;1;0;0;118
3;17297;1;0;0;110
3;17297;1;0;1;117
3;17297;1;3;1;117
3;17297;1;2;0;122
3;17297;1;3;0;122
3;17297;1;3;1;123
3;17297;1;0;1;126
3;17297;1;1;0;118
3;17297;1;2;0;128
3;17297;1;2;1;125
3;17297;1;1;0;129
3;17297;1;1;0;128
3;17297;1;1;1;130
3;17297;1;0;1;129
3;17297;1;0;0;133
3;17297;1;1;0;135
3;17297;1;3;0;135
3;17297;1;2;1;143
3;17297;1;0;1;147
3;17297;1;0;1;144
3;17297;1;3;1;146
3;17297;1;2;1;140
3;17297;1;3;1;139
3;17297;1;2;1;142
3;17297;1;3;0;143
3;17297;1;0;0;133
3;17297;1;2;0;140
3;17297;1;1;1;147
3;17297;1;3;1;147
3;17297;1;0;0;140
3;17297;1;0;1;155
3;17297;1;2;1;140
3;17297;1;2;0;145
3;17297;1;2;1;154
3;17297;1;0;1;152
3;17297;1;1;1;160
3;17297;1;1;1;150
3;17297;1;0;0;155
3;17297;1;1;1;147
3;17297;1;1;1;164
4;14412;1;0;1;15
4;14412;1;0;0;17
4;14412;1;2;1;13
4;14412;1;3;0;19
4;14412;1;3;1;18
4;14412;1;1;0;18
4;14412;1;2;0;23
4;14412;1;2;1;19
4;14412;1;2;1;17
4;14412;1;1;0;12
4;14412;1;2;0;25
4;14412;1;0;0;24
4;14412;1;2;1;24
4;14412;1;1;1;25
4;14412;1;0;0;29
4;14412;1;3;1;27
4;14412;1;2;0;29
4;14412;1;0;0;32
4;14412;1;2;1;27
4;14412;1;2;0;33
4;14412;1;3;0;36
4;14412;1;1;1;31
4;14412;1;2;1;33
4;14412;1;3;0;36
4;14412;1;1;0;34
4;14412;1;1;1;28
4;14412;1;1;1;36
4;14412;1;2;1;36
4;14412;1;3;1;37
4;14412;1;0;1;38
4;14412;1;1;1;39
4;14412;1;3;0;39
4;14412;1;1;0;49
4;14412;1;3;1;40
4;14412;1;1;0;45
4;14412;1;3;1;44
4;14412;1;2;0;46
4;14412;1;2;1;42
4;14412;1;2;1;49
4;14412;1;1;1;47
4;14412;1;3;1;43
4;14412;1;1;0;47
4;14412;1;2;0;57
4;14412;1;0;0;50
4;14412;1;2;0;57
4;14412;1;0;1;54
4;14412;1;3;1;56
4;14412;1;3;0;60
4;14412;1;2;1;56
4;14412;1;3;1;57
4;14412;1;3;1;60
4;14412;1;3;1;61
4;14412;1;3;1;68
4;14412;1;0;0;69
4;14412;1;0;0;64
4;14412;1;2;0;68
4;14412;1;0;0;64
4;14412;1;1;1;70
4;14412;1;0;1;64
4;14412;1;1;1;69
4;14412;1;1;0;74
4;14412;1;2;0;77
4;14412;1;1;1;72
4;14412;1;3;1;72
4;14412;1;2;0;80
4;14412;1;1;1;74
4;14412;1;2;1;74
4;14412;1;0;1;81
4;14412;1;3;0;74
4;14412;1;0;0;75
4;14412;1;2;1;87
4;14412;1;3;1;74
4;14412;1;0;0;75
4;14412;1;0;0;87
4;14412;1;3;0;90
4;14412;1;0;1;83
4;14412;1;3;0;80
4;14412;1;2;1;84
4;14412;1;2;1;90
4;14412;1;0;0;90
4;14412;1;2;0;86
4;14412;1;0;0;96
4;14412;1;2;0;91
4;14412;1;2;1;110
4;14412;1;1;1;90
4;14412;1;3;1;105
4;14412;1;1;0;92
4;14412;1;3;1;105
4;14412;1;3;0;95
4;14412;1;1;0;92
4;14412;1;1;1;113
4;14412;1;0;0;107
4;14412;1;1;1;120
4;14412;1;2;0;100
4;14412;1;0;0;105
4;14412;1;1;1;120
4;14412;1;3;0;113
4;14412;1;3;1;101
4;14412;1;1;1;118
4;14412;1;2;0;102
4;14412;1;2;0;111
4;14412;1;3;0;121
4;14412;1;3;1;117
4;14412;1;2;0;119
4;14412;1;2;1;118
4;14412;1;0;1;127
4;14412;1;1;0;121
4;14412;1;2;0;121
4;14412;1;0;0;122
4;14412;1;1;1;126
4;14412;1;2;1;124
4;14412;1;1;1;138
4;14412;1;0;1;118
4;14412;1;2;1;139
4;14412;1;1;1;130
4;14412;1;3;1;120
4;14412;1;0;1;128
4;14412;1;0;1;144
4;14412;1;3;0;132
4;14412;1;2;0;129
4;14412;1;1;1;142
4;14412;1;3;1;136
4;14412;1;0;0;135
4;14412;1;3;0;133
4;14412;1;1;1;135
4;14412;1;3;1;149
4;14412;1;2;1;150
4;14412;1;3;1;140
4;14412;1;1;1;151
4;14412;1;0;1;147
4;14412;1;1;1;154
4;14412;1;2;1;153
4;14412;1;3;0;139
4;14412;1;1;1;156
4;14412;1;2;1;147
4;14412;1;0;1;160
4;14412;1;0;1;144
4;14412;1;1;0;152
4;14412;1;1;1;155
4;14412;1;1;1;162
4;14412;1;1;0;156
4;14412;1;0;0;152
4;14412;1;2;1;167
4;14412;1;2;1;164
4;14412;1;0;1;152
5;15073;1;0;0;19
5;15073;1;1;1;7
5;15073;1;0;1;7
5;15073;1;3;0;16
5;15073;1;2;0;17
5;15073;1;0;1;16
5;15073;1;1;0;20
5;15073;1;2;0;18
5;15073;1;3;0;21
5;15073;1;0;1;27
5;15073;1;3;1;26
5;15073;1;3;0;23
5;15073;1;1;0;24
5;15073;1;3;0;25
5;15073;1;1;0;22
5;15073;1;2;0;21
5;15073;1;3;0;27
5;15073;1;2;1;34
5;15073;1;1;1;22
5;15073;1;0;0;30
5;15073;1;2;1;30
5;15073;1;2;1;36
5;15073;1;1;1;36
5;15073;1;1;1;38
5;15073;1;2;0;34
5;15073;1;2;0;33
5;15073;1;3;1;40
5;15073;1;2;1;36
5;15073;1;0;1;41
5;15073;1;0;0;38
5;15073;1;1;0;36
5;15073;1;2;1;45
5;15073;1;3;0;37
5;15073;1;3;0;44
5;15073;1;3;0;38
5;15073;1;2;0;43
5;15073;1;2;0;47
5;15073;1;0;0;42
5;15073;1;0;1;51
5;15073;1;1;0;49
5;15073;1;0;0;50
5;15073;1;3;1;52
5;15073;1;3;1;54
5;15073;1;1;0;50
5;15073;1;1;1;56
5;15073;1;2;1;57
5;15073;1;3;1;57
5;15073;1;3;1;52
5;15073;1;3;0;56
5;15073;1;1;1;61
5;15073;1;0;1;61
5;15073;1;3;1;54
5;15073;1;1;0;61
5;15073;1;1;0;60
5;15073;1;1;1;67
5;15073;1;2;1;68
5;15073;1;2;1;69
5;15073;1;0;1;65
5;15073;1;1;1;72
5;15073;1;0;0;64
5;15073;1;2;1;72
5;15073;1;1;0;66
5;15073;1;3;0;68
5;15073;1;2;0;74
5;15073;1;2;1;79
5;15073;1;0;0;77
5;15073;1;3;1;80
5;15073;1;0;0;76
5;15073;1;1;0;82
5;15073;1;3;1;79
5;15073;1;1;0;83
5;15073;1;1;1;83
5;15073;1;3;1;79
5;15073;1;0;1;81
5;15073;1;0;1;89
5;15073;1;1;0;82
5;15073;1;0;1;83
5;15073;1;0;1;81
5;15073;1;3;0;85
5;15073;1;0;0;91
5;15073;1;2;0;87
5;15073;1;3;1;92
5;15073;1;2;0;96
5;15073;1;0;0;96
5;15073;1;1;1;92
5;15073;1;3;0;97
5;15073;1;0;1;95
5;15073;1;3;1;101
5;15073;1;0;1;102
5;15073;1;1;0;101
5;15073;1;0;1;102
5;15073;1;3;0;103
5;15073;1;0;1;107
5;15073;1;2;0;104
5;15073;1;1;1;107
5;15073;1;3;1;102
5;15073;1;3;1;109
5;15073;1;0;1;109
5;15073;1;1;1;104
5;15073;1;3;0;110
5;15073;1;3;0;113
5;15073;1;0;1;115
5;15073;1;3;1;108
5;15073;1;3;0;116
5;15073;1;1;0;117
5;15073;1;1;0;119
5;15073;1;0;0;119
5;15073;1;3;1;120
5;15073;1;0;1;119
5;15073;1;0;0;121
5;15073;1;2;0;121
5;15073;1;1;0;119
5;15073;1;3;1;124
5;15073;1;2;1;118
5;15073;1;3;1;126
5;15073;1;1;1;126
5;15073;1;0;1;129
5;15073;1;2;1;131
5;15073;1;1;0;128
5;15073;1;0;1;130
5;15073;1;1;1;130
5;15073;1;2;0;130
5;15073;1;0;0;129
5;15073;1;3;0;132
5;15073;1;2;0;132
5;15073;1;3;1;137
5;15073;1;1;1;142
5;15073;1;2;1;139
5;15073;1;0;1;141
5;15073;1;2;1;147
5;15073;1;1;1;147
5;15073;1;2;1;153
5;15073;1;3;0;140
5;15073;1;0;0;137
5;15073;1;0;0;143
5;15073;1;0;0;144
5;15073;1;3;1;151
5;15073;1;3;0;144
5;15073;1;3;1;150
5;15073;1;3;0;153
5;15073;1;1;1;153
5;15073;1;0;0;145
5;15073;1;3;0;150
5;15073;1;2;0;146
5;15073;1;3;0;167
6;15518;1;3;0;12
6;15518;1;1;1;18
6;15518;1;2;1;17
6;15518;1;1;1;19
6;15518;1;2;0;17
6;15518;1;2;0;19
6;15518;1;1;1;21
6;15518;1;0;1;21
6;15518;1;0;0;21
6;15518;1;0;1;24
6;15518;1;2;0;23
6;15518;1;0;0;18
6;15518;1;3;0;24
6;15518;1;1;0;22
6;15518;1;3;1;28
6;15518;1;3;0;25
6;15518;1;1;1;29
6;15518;1;3;1;30
6;15518;1;2;1;32
6;15518;1;0;0;26
6;15518;1;1;1;32
6;15518;1;1;0;31
6;15518;1;0;1;36
6;15518;1;0;1;35
6;15518;1;0;1;32
6;15518;1;2;1;37
6;15518;1;1;0;34
6;15518;1;3;0;36
6;15518;1;0;0;41
6;15518;1;2;1;40
6;15518;1;3;0;42
6;15518;1;3;0;41
6;15518;1;2;1;45
6;15518;1;0;0;42
6;15518;1;1;1;39
6;15518;1;2;0;40
6;15518;1;0;1;44
6;15518;1;0;0;46
6;15518;1;1;0;46
6;15518;1;2;0;44
6;15518;1;3;1;53
6;15518;1;1;0;48
6;15518;1;2;0;54
6;15518;1;1;0;56
6;15518;1;1;0;50
6;15518;1;1;1;57
6;15518;1;1;0;58
6;15518;1;1;1;58
6;15518;1;0;1;58
6;15518;1;3;0;60
6;15518;1;2;1;63
6;15518;1;3;1;63
6;15518;1;0;1;66
6;15518;1;1;0;56
6;15518;1;0;1;62
6;15518;1;1;1;66
6;15518;1;3;1;64
6;15518;1;2;1;75
6;15518;1;2;1;79
6;15518;1;1;1;77
6;15518;1;3;0;70
6;15518;1;3;1;79
6;15518;1;0;1;69
6;15518;1;2;1;68
6;15518;1;2;0;74
6;15518;1;3;0;70
6;15518;1;2;1;75
6;15518;1;0;0;79
6;15518;1;1;1;82
6;15518;1;3;0;74
6;15518;1;2;0;80
6;15518;1;3;0;76
6;15518;1;0;0;82
6;15518;1;2;1;86
6;15518;1;2;0;80
6;15518;1;3;1;86
6;15518;1;1;1;97
6;15518;1;1;0;86
6;15518;1;1;0;87
6;15518;1;1;1;96
6;15518;1;0;1;89
6;15518;1;2;0;89
6;15518;1;2;0;87
6;15518;1;0;1;95
6;15518;1;0;0;95
6;15518;1;2;1;94
6;15518;1;0;1;107
6;15518;1;2;1;98
6;15518;1;0;1;109
6;15518;1;0;1;109
6;15518;1;0;1;98
6;15518;1;3;1;101
6;15518;1;3;0;104
6;15518;1;2;1;99
6;15518;1;0;1;108
6;15518;1;0;1;111
6;15518;1;3;1;103
6;15518;1;2;0;101
6;15518;1;1;0;110
6;15518;1;0;1;114
6;15518;1;3;0;113
6;15518;1;1;0;109
6;15518;1;0;0;118
6;15518;1;1;0;118
6;15518;1;1;0;111
6;15518;1;3;1;118
6;15518;1;0;1;121
6;15518;1;2;0;110
6;15518;1;3;1;122
6;15518;1;2;0;123
6;15518;1;2;0;114
6;15518;1;1;1;115
6;15518;1;0;0;124
6;15518;1;3;1;126
6;15518;1;1;0;125
6;15518;1;0;1;126
6;15518;1;0;0;126
6;15518;1;0;1;121
6;15518;1;1;0;131
6;15518;1;1;1;131
6;15518;1;2;0;131
6;15518;1;0;1;132
6;15518;1;1;1;133
6;15518;1;0;1;133
6;15518;1;0;1;134
6;15518;1;2;1;130
6;15518;1;1;0;139
6;15518;1;1;1;138
6;15518;1;1;0;148
6;15518;1;1;0;140
6;15518;1;0;0;141
6;15518;1;3;0;145
6;15518;1;3;0;140
6;15518;1;3;1;145
6;15518;1;2;0;160
6;15518;1;2;1;146
6;15518;1;3;0;148
6;15518;1;1;0;152
6;15518;1;1;1;141
6;15518;1;3;1;151
6;15518;1;0;1;148
6;15518;1;0;0;159
6;15518;1;2;0;150
6;15518;1;0;0;160
6;15518;1;0;0;158
7;19021;1;2;0;16
7;19021;1;2;0;17
7;19021;1;1;1;18
7;19021;1;2;1;8
7;19021;1;0;0;19
7;19021;1;2;0;9
7;19021;1;3;1;19
7;19021;1;1;1;20
7;19021;1;0;1;21
7;19021;1;0;1;23
7;19021;1;0;1;22
7;19021;1;1;0;26
7;19021;1;0;1;24
7;19021;1;1;1;23
7;19021;1;1;0;28
7;19021;1;0;0;25
7;19021;1;2;1;26
7;19021;1;2;0;27
7;19021;1;1;1;27
7;19021;1;3;0;35
7;19021;1;1;0;35
7;19021;1;0;0;34
7;19021;1;3;1;34
7;19021;1;1;0;32
7;19021;1;1;0;35
7;19021;1;3;0;34
7;19021;1;1;1;29
7;19021;1;0;1;37
7;19021;1;3;0;42
7;19021;1;3;0;42
7;19021;1;1;0;44
7;19021;1;3;1;40
7;19021;1;1;1;43
7;19021;1;3;0;44
7;19021;1;1;1;44
7;19021;1;0;1;45
7;19021;1;2;0;51
7;19021;1;0;0;49
7;19021;1;2;1;52
7;19021;1;3;1;53
7;19021;1;0;0;52
7;19021;1;1;1;53
7;19021;1;0;1;46
7;19021;1;0;0;46
7;19021;1;3;0;56
7;19021;1;2;0;58
7;19021;1;3;0;54
7;19021;1;2;1;52
7;19021;1;3;1;60
7;19021;1;1;0;59
7;19021;1;1;1;62
7;19021;1;2;0;64
7;19021;1;3;1;66
7;19021;1;0;0;64
7;19021;1;3;1;66
7;19021;1;3;0;61
7;19021;1;3;0;66
7;19021;1;3;1;68
7;19021;1;3;1;73
7;19021;1;2;0;64
7;19021;1;0;1;74
7;19021;1;3;0;65
7;19021;1;1;0;69
7;19021;1;1;1;78
7;19021;1;0;1;77
7;19021;1;3;1;74
7;19021;1;0;0;72
7;19021;1;2;1;76
7;19021;1;0;0;79
7;19021;1;0;1;83
7;19021;1;0;1;85
7;19021;1;2;1;83
7;19021;1;2;0;82
7;19021;1;1;1;79
7;19021;1;1;0;84
7;19021;1;3;0;85
7;19021;1;2;1;87
7;19021;1;2;0;88
7;19021;1;3;1;87
7;19021;1;1;0;87
7;19021;1;1;0;90
7;19021;1;0;0;91
7;19021;1;0;0;92
7;19021;1;2;0;93
7;19021;1;1;1;95
7;19021;1;2;0;96
7;19021;1;1;0;97
7;19021;1;2;0;103
7;19021;1;1;0;95
7;19021;1;1;0;98
7;19021;1;3;1;102
7;19021;1;0;1;103
7;19021;1;3;1;102
7;19021;1;1;0;104
7;19021;1;0;1;100
7;19021;1;0;1;104
7;19021;1;3;1;104
7;19021;1;2;0;111
7;19021;1;1;1;103
7;19021;1;1;0;114
7;19021;1;2;0;113
7;19021;1;3;0;115
7;19021;1;3;1;112
7;19021;1;2;1;111
7;19021;1;0;0;118
7;19021;1;1;0;120
7;19021;1;0;0;117
7;19021;1;0;1;121
7;19021;1;3;1;126
7;19021;1;0;1;119
7;19021;1;1;1;114
7;19021;1;2;1;123
7;19021;1;2;0;121
7;19021;1;2;1;122
7;19021;1;1;0;130
7;19021;1;2;1;124
7;19021;1;2;1;134
7;19021;1;2;0;121
7;19021;1;3;1;127
7;19021;1;1;1;133
7;19021;1;1;1;131
7;19021;1;2;0;136
7;19021;1;0;1;147
7;19021;1;0;1;143
7;19021;1;0;0;133
7;19021;1;1;0;138
7;19021;1;3;1;148
7;19021;1;1;1;150
7;19021;1;1;1;143
7;19021;1;2;0;142
7;19021;1;0;1;150
7;19021;1;0;1;157
7;19021;1;0;1;147
7;19021;1;0;1;148
7;19021;1;0;0;147
7;19021;1;2;1;158
7;19021;1;3;0;140
7;19021;1;3;1;146
7;19021;1;1;0;142
7;19021;1;1;1;143
7;19021;1;2;1;162
7;19021;1;0;0;152
7;19021;1;3;1;170
7;19021;1;3;1;170
7;19021;1;3;1;162
